# Priority redirects
/  /index.html  200
/blog  /blog/index.html  200
/blog/  /blog/index.html  200
/privacy  /privacy.html  200
/terms  /terms.html  200
/*  /index.html  200

# Clean URL redirects (remove .html)
/blog/posts/*.html  /blog/posts/:splat  301
/*.html  /:splat  301

# Blog post redirects with clean URLs
/blog/posts/smart-home-energy-savings  /static/blog/posts/smart-home-energy-savings.html  200
/blog/posts/save-energy-at-home  /static/blog/posts/save-energy-at-home.html  200
/blog/posts/track-home-energy  /static/blog/posts/track-home-energy.html  200
/blog/posts/kitchen-hidden-co2  /static/blog/posts/kitchen-hidden-co2.html  200
/blog/posts/five-minute-carbon-hacks  /static/blog/posts/five-minute-carbon-hacks.html  200
/blog/posts/family-eco-activities  /static/blog/posts/family-eco-activities.html  200

# Static assets with proper caching
/images/*  /static/images/:splat  200
/css/*  /static/css/:splat  200
/js/*  /static/js/:splat  200
/shared/*  /static/shared/:splat  200

# Handle section anchors
/#counter-section  /index.html#counter-section  200
/#faq-section  /index.html#faq-section  200
/#about-section  /index.html#about-section  200

# Legacy URL handling (redirect old URLs to new clean URLs)
/static/blog/*  /blog/:splat  301
/static/images/*  /images/:splat  301
/static/css/*  /css/:splat  301
/static/js/*  /js/:splat  301
/static/shared/*  /shared/:splat  301

# Handle blog category pages
/blog/category/smart-living  /blog/index.html  200
/blog/category/easy-changes  /blog/index.html  200
/blog/category/life-hacks  /blog/index.html  200
/blog/category/family-home  /blog/index.html  200
/blog/category/smart-tech  /blog/index.html  200

# Custom 404 page
/*  /404.html  404
